evaluation_mode,mean_loss,delta_vs_learned
learned,4.330205470323563,0.0
uniform,10.028818488121033,5.69861301779747
current_only,16.24119234085083,11.910986870527267
